Order Date,Customer ID,Category,Region,Sales,Profit,Discount,Quantity
2022-01-01,CUST-075,Furniture,West,560.32,214.07,0.0,4
2022-01-02,CUST-006,Apparel,West,45.26,17.99,0.05,4
2022-01-03,CUST-028,Office Supplies,West,69.46,28.26,0.0,3
2022-01-04,CUST-010,Furniture,West,438.43,165.76,0.0,4
2022-01-05,CUST-032,Electronics,West,140.79,-29.94,0.5,2
2022-01-07,CUST-005,Electronics,East,211.71,72.28,0.1,5
2022-01-08,CUST-078,Electronics,West,211.44,57.45,0.2,5
2022-01-09,CUST-031,Apparel,West,54.91,13.96,0.15,2
2022-01-10,CUST-050,Office Supplies,East,47.72,16.04,0.15,5
2022-01-11,CUST-074,Office Supplies,East,60.91,24.79,0.0,1
2022-01-13,CUST-057,Electronics,West,310.02,111.49,0.0,2
2022-01-14,CUST-025,Apparel,North,59.47,12.3,0.2,4
2022-01-15,CUST-045,Office Supplies,East,23.08,-15.84,0.65,2
2022-01-16,CUST-028,Electronics,West,160.83,54.8,0.05,3
2022-01-18,CUST-003,Electronics,North,178.57,59.71,0.05,4
2022-01-19,CUST-012,Electronics,South,313.33,90.9,0.1,3
2022-01-20,CUST-038,Electronics,West,76.0,-55.25,0.65,4
2022-01-21,CUST-014,Furniture,West,202.67,80.97,0.05,5
2022-01-22,CUST-028,Furniture,North,240.07,86.55,0.1,2
2022-01-24,CUST-028,Electronics,North,133.72,23.01,0.3,1
2022-01-25,CUST-074,Office Supplies,West,78.7,30.74,0.0,4
2022-01-26,CUST-031,Electronics,West,283.28,126.55,0.0,4
2022-01-27,CUST-001,Electronics,West,321.5,89.41,0.15,3
2022-01-28,CUST-046,Furniture,East,219.33,-37.92,0.5,5
2022-01-30,CUST-077,Furniture,East,399.58,168.01,0.0,3
2022-01-31,CUST-021,Office Supplies,West,39.55,11.51,0.1,3
2022-02-01,CUST-074,Electronics,East,262.87,88.79,0.1,5
2022-02-02,CUST-026,Furniture,North,234.71,88.8,0.1,1
2022-02-04,CUST-066,Furniture,West,484.92,123.98,0.15,3
2022-02-05,CUST-055,Electronics,West,315.85,121.16,0.1,3
2022-02-06,CUST-020,Office Supplies,North,39.73,12.24,0.1,4
2022-02-07,CUST-046,Electronics,North,345.18,104.56,0.1,5
2022-02-08,CUST-079,Electronics,East,297.38,92.62,0.15,2
2022-02-10,CUST-058,Apparel,East,75.58,22.46,0.1,1
2022-02-11,CUST-005,Apparel,West,31.34,4.41,0.3,1
2022-02-12,CUST-018,Office Supplies,East,52.82,21.32,0.0,5
2022-02-13,CUST-056,Electronics,East,185.93,38.64,0.3,4
2022-02-15,CUST-068,Electronics,West,135.38,23.4,0.3,4
2022-02-16,CUST-002,Office Supplies,West,29.75,9.61,0.05,5
2022-02-17,CUST-000,Furniture,West,468.81,161.91,0.1,4
2022-02-18,CUST-057,Electronics,West,147.8,48.5,0.1,1
2022-02-19,CUST-037,Furniture,West,446.47,177.16,0.0,1
2022-02-21,CUST-014,Electronics,West,360.26,129.3,0.05,2
2022-02-22,CUST-033,Apparel,West,99.08,43.98,0.0,5
2022-02-23,CUST-060,Electronics,West,195.06,74.69,0.05,3
2022-02-24,CUST-034,Office Supplies,North,51.08,5.67,0.3,3
2022-02-25,CUST-063,Electronics,East,125.48,50.19,0.05,2
2022-02-27,CUST-024,Furniture,East,147.85,27.38,0.3,2
2022-02-28,CUST-023,Furniture,North,404.86,156.99,0.1,4
2022-03-01,CUST-011,Electronics,East,159.81,24.26,0.3,2
2022-03-02,CUST-017,Apparel,West,54.25,13.51,0.15,2
2022-03-04,CUST-014,Office Supplies,East,57.48,25.57,0.0,3
2022-03-05,CUST-079,Apparel,East,42.34,13.99,0.15,4
2022-03-06,CUST-026,Apparel,North,51.25,21.47,0.0,2
2022-03-07,CUST-071,Furniture,East,361.55,111.21,0.1,2
2022-03-08,CUST-059,Apparel,West,45.15,-10.3,0.5,4
2022-03-10,CUST-045,Electronics,West,295.55,120.7,0.0,5
2022-03-11,CUST-016,Electronics,West,199.98,68.22,0.05,4
2022-03-12,CUST-052,Electronics,East,196.49,46.43,0.2,3
2022-03-13,CUST-007,Electronics,East,123.94,10.69,0.3,5
2022-03-15,CUST-078,Furniture,West,199.28,51.16,0.15,1
2022-03-16,CUST-026,Electronics,South,321.7,126.89,0.05,4
2022-03-17,CUST-045,Office Supplies,East,35.13,11.28,0.15,3
2022-03-18,CUST-049,Furniture,West,262.7,107.15,0.05,5
2022-03-19,CUST-070,Electronics,West,251.67,68.05,0.2,4
2022-03-21,CUST-002,Furniture,West,228.08,-68.4,0.5,2
2022-03-22,CUST-063,Electronics,West,239.33,62.65,0.2,4
2022-03-23,CUST-043,Office Supplies,West,27.55,5.04,0.3,1
2022-03-24,CUST-052,Electronics,West,193.42,72.29,0.0,4
2022-03-25,CUST-023,Apparel,West,41.52,10.16,0.2,5
2022-03-27,CUST-059,Office Supplies,West,25.47,4.91,0.3,5
2022-03-28,CUST-002,Electronics,North,305.11,125.68,0.0,4
2022-03-29,CUST-019,Electronics,West,249.11,38.63,0.3,5
2022-03-30,CUST-045,Office Supplies,East,62.81,21.46,0.05,2
2022-04-01,CUST-014,Office Supplies,East,59.31,20.79,0.15,4
2022-04-02,CUST-024,Office Supplies,South,34.2,6.01,0.3,2
2022-04-03,CUST-077,Office Supplies,West,52.97,15.47,0.15,2
2022-04-04,CUST-070,Electronics,West,225.52,95.42,0.0,3
2022-04-05,CUST-016,Furniture,South,355.65,57.04,0.15,4
2022-04-07,CUST-008,Electronics,North,233.24,78.22,0.1,5
2022-04-08,CUST-037,Apparel,North,24.37,-4.2,0.5,2
2022-04-09,CUST-047,Office Supplies,West,43.11,12.22,0.1,3
2022-04-10,CUST-059,Electronics,West,367.13,130.15,0.05,4
2022-04-12,CUST-062,Electronics,East,158.1,46.84,0.2,4
2022-04-13,CUST-001,Electronics,South,150.59,49.19,0.1,1
2022-04-14,CUST-071,Electronics,East,206.13,53.82,0.15,1
2022-04-15,CUST-010,Office Supplies,East,59.23,15.97,0.15,2
2022-04-16,CUST-063,Office Supplies,West,40.91,7.76,0.3,1
2022-04-18,CUST-076,Apparel,North,72.28,17.24,0.15,2
2022-04-19,CUST-071,Furniture,West,253.26,85.86,0.1,5
2022-04-20,CUST-020,Electronics,West,295.4,128.23,0.0,2
2022-04-21,CUST-017,Office Supplies,East,44.47,19.21,0.0,1
2022-04-22,CUST-063,Office Supplies,East,72.05,31.72,0.0,5
2022-04-24,CUST-037,Furniture,West,460.75,170.32,0.0,1
2022-04-25,CUST-031,Office Supplies,West,32.08,10.86,0.15,2
2022-04-26,CUST-010,Furniture,East,184.29,54.71,0.2,3
2022-04-27,CUST-044,Furniture,West,199.25,58.66,0.1,4
2022-04-29,CUST-032,Furniture,East,248.87,41.08,0.3,1
2022-04-30,CUST-040,Electronics,West,70.76,-41.06,0.65,2
2022-05-01,CUST-007,Electronics,East,211.8,43.81,0.3,5
2022-05-02,CUST-010,Electronics,East,224.25,75.4,0.15,1
2022-05-03,CUST-050,Office Supplies,West,37.23,13.6,0.1,1
2022-05-05,CUST-040,Electronics,West,154.26,48.59,0.1,4
2022-05-06,CUST-016,Furniture,West,255.9,111.13,0.0,2
2022-05-07,CUST-075,Apparel,West,93.34,38.13,0.05,3
2022-05-08,CUST-045,Electronics,South,98.14,-24.82,0.5,5
2022-05-10,CUST-031,Furniture,West,328.93,38.95,0.3,2
2022-05-11,CUST-078,Office Supplies,North,70.78,28.77,0.0,5
2022-05-12,CUST-079,Electronics,West,264.71,86.78,0.1,1
2022-05-13,CUST-053,Electronics,East,251.25,42.64,0.3,4
2022-05-14,CUST-019,Electronics,North,235.59,94.65,0.0,4
2022-05-16,CUST-032,Electronics,East,365.22,134.3,0.05,3
2022-05-17,CUST-073,Apparel,East,31.91,5.07,0.3,4
2022-05-18,CUST-039,Office Supplies,East,29.26,8.43,0.1,1
2022-05-19,CUST-031,Office Supplies,West,62.57,28.06,0.0,3
2022-05-20,CUST-001,Apparel,South,93.5,28.23,0.1,2
2022-05-22,CUST-032,Office Supplies,North,49.48,9.72,0.3,4
2022-05-23,CUST-076,Electronics,South,129.35,33.52,0.15,3
2022-05-24,CUST-029,Apparel,West,56.11,21.8,0.0,1
2022-05-25,CUST-032,Furniture,North,554.39,184.22,0.05,5
2022-05-27,CUST-076,Office Supplies,South,36.6,13.84,0.1,5
2022-05-28,CUST-025,Apparel,West,78.41,22.52,0.15,1
2022-05-29,CUST-021,Electronics,West,279.87,69.93,0.2,1
2022-05-30,CUST-065,Electronics,North,262.8,99.7,0.0,5
2022-05-31,CUST-037,Electronics,East,163.8,22.6,0.3,3
2022-06-02,CUST-045,Furniture,North,387.65,153.48,0.0,5
2022-06-03,CUST-014,Office Supplies,West,37.29,14.02,0.05,1
2022-06-04,CUST-043,Apparel,North,100.04,41.93,0.0,4
2022-06-05,CUST-048,Electronics,West,238.42,88.28,0.05,2
2022-06-06,CUST-074,Furniture,West,507.64,190.73,0.1,4
2022-06-08,CUST-060,Furniture,West,222.41,62.73,0.1,4
2022-06-09,CUST-066,Electronics,North,392.9,148.74,0.0,1
2022-06-10,CUST-005,Electronics,East,211.67,50.99,0.15,5
2022-06-11,CUST-008,Electronics,East,144.63,61.8,0.0,3
2022-06-13,CUST-005,Apparel,West,30.99,6.28,0.2,4
2022-06-14,CUST-072,Electronics,North,164.5,-43.06,0.5,5
2022-06-15,CUST-031,Furniture,West,449.24,157.13,0.05,3
2022-06-16,CUST-040,Office Supplies,North,63.28,20.22,0.1,4
2022-06-17,CUST-075,Furniture,East,234.64,90.98,0.05,3
2022-06-19,CUST-007,Apparel,West,38.56,14.2,0.0,5
2022-06-20,CUST-071,Apparel,East,68.99,25.41,0.05,2
2022-06-21,CUST-049,Electronics,West,187.46,56.92,0.2,5
2022-06-22,CUST-061,Furniture,North,333.6,105.46,0.15,1
2022-06-24,CUST-061,Electronics,East,393.78,140.37,0.0,3
2022-06-25,CUST-006,Electronics,West,271.79,25.21,0.3,2
2022-06-26,CUST-074,Electronics,North,342.69,95.88,0.1,3
2022-06-27,CUST-079,Office Supplies,West,48.53,6.05,0.3,3
2022-06-28,CUST-003,Furniture,East,296.46,96.0,0.15,4
2022-06-30,CUST-005,Electronics,South,204.68,68.32,0.15,1
2022-07-01,CUST-057,Electronics,East,277.1,119.52,0.0,3
2022-07-02,CUST-021,Apparel,West,95.8,42.92,0.0,5
2022-07-03,CUST-025,Electronics,South,52.55,-35.89,0.65,5
2022-07-04,CUST-002,Electronics,East,244.01,105.14,0.0,4
2022-07-06,CUST-040,Furniture,West,83.2,-57.33,0.65,1
2022-07-07,CUST-059,Apparel,West,65.75,18.74,0.1,1
2022-07-08,CUST-013,Electronics,North,369.31,150.29,0.0,5
2022-07-09,CUST-074,Office Supplies,East,69.25,25.08,0.0,2
2022-07-11,CUST-011,Office Supplies,East,39.3,15.31,0.0,4
2022-07-12,CUST-011,Electronics,North,194.83,-29.11,0.5,4
2022-07-13,CUST-012,Office Supplies,North,56.73,19.82,0.1,5
2022-07-14,CUST-024,Furniture,West,197.84,81.55,0.05,5
2022-07-15,CUST-044,Office Supplies,West,38.75,14.96,0.05,2
2022-07-17,CUST-018,Office Supplies,West,41.08,15.7,0.0,2
2022-07-18,CUST-054,Furniture,North,209.03,79.61,0.1,1
2022-07-19,CUST-044,Electronics,West,385.39,165.51,0.0,4
2022-07-20,CUST-007,Office Supplies,East,36.98,5.91,0.3,4
2022-07-22,CUST-052,Electronics,North,350.07,111.21,0.05,5
2022-07-23,CUST-054,Electronics,North,206.21,69.79,0.05,1
2022-07-24,CUST-031,Electronics,West,148.56,45.66,0.1,4
2022-07-25,CUST-050,Furniture,North,357.78,134.52,0.1,1
2022-07-26,CUST-043,Office Supplies,West,11.6,-9.22,0.65,1
2022-07-28,CUST-069,Electronics,North,234.28,70.67,0.1,5
2022-07-29,CUST-017,Furniture,West,579.48,225.93,0.0,1
2022-07-30,CUST-021,Electronics,West,229.06,54.16,0.15,2
2022-07-31,CUST-036,Office Supplies,North,60.29,25.17,0.0,2
2022-08-01,CUST-055,Electronics,West,173.35,61.69,0.0,3
2022-08-03,CUST-058,Office Supplies,West,10.28,-8.56,0.65,5
2022-08-04,CUST-002,Furniture,North,199.37,62.02,0.2,3
2022-08-05,CUST-027,Apparel,North,27.68,-19.38,0.65,2
2022-08-06,CUST-073,Electronics,East,141.37,39.63,0.1,3
2022-08-08,CUST-034,Electronics,East,208.14,78.56,0.1,5
2022-08-09,CUST-060,Electronics,East,277.22,109.57,0.0,5
2022-08-10,CUST-053,Apparel,West,63.98,22.53,0.0,1
2022-08-11,CUST-062,Apparel,West,33.45,4.51,0.3,4
2022-08-12,CUST-078,Electronics,West,194.07,77.83,0.05,1
2022-08-14,CUST-006,Office Supplies,South,53.99,7.08,0.3,5
2022-08-15,CUST-075,Office Supplies,East,50.8,14.58,0.2,2
2022-08-16,CUST-048,Furniture,East,406.39,161.75,0.0,2
2022-08-17,CUST-030,Furniture,East,188.27,71.67,0.1,1
2022-08-19,CUST-057,Electronics,South,334.9,94.34,0.15,5
2022-08-20,CUST-060,Electronics,West,309.26,123.19,0.0,2
2022-08-21,CUST-023,Apparel,East,41.17,4.47,0.3,5
2022-08-22,CUST-019,Apparel,East,89.38,28.49,0.1,2
2022-08-23,CUST-036,Office Supplies,East,40.96,16.18,0.0,5
2022-08-25,CUST-003,Electronics,West,234.28,63.67,0.15,3
2022-08-26,CUST-019,Electronics,North,104.97,-64.3,0.65,5
2022-08-27,CUST-059,Office Supplies,South,38.94,15.2,0.0,5
2022-08-28,CUST-023,Apparel,East,74.51,14.13,0.3,1
2022-08-29,CUST-049,Apparel,East,89.87,32.12,0.0,3
2022-08-31,CUST-048,Office Supplies,South,45.7,13.89,0.2,4
2022-09-01,CUST-050,Office Supplies,North,29.4,7.61,0.2,1
2022-09-02,CUST-035,Electronics,West,138.91,48.31,0.05,4
2022-09-03,CUST-065,Electronics,East,205.67,76.68,0.05,2
2022-09-05,CUST-078,Apparel,East,72.18,21.73,0.2,4
2022-09-06,CUST-033,Office Supplies,East,37.39,12.24,0.1,5
2022-09-07,CUST-035,Electronics,North,219.55,51.0,0.2,4
2022-09-08,CUST-005,Electronics,South,324.18,123.06,0.0,1
2022-09-09,CUST-038,Office Supplies,South,22.98,3.7,0.3,1
2022-09-11,CUST-041,Electronics,East,250.33,60.59,0.2,4
2022-09-12,CUST-057,Electronics,West,78.13,-14.85,0.5,1
2022-09-13,CUST-011,Furniture,South,597.77,178.91,0.0,1
2022-09-14,CUST-002,Office Supplies,North,45.37,12.9,0.15,4
2022-09-16,CUST-017,Office Supplies,West,29.87,8.69,0.15,3
2022-09-17,CUST-039,Electronics,South,211.27,83.41,0.05,3
2022-09-18,CUST-020,Office Supplies,North,44.39,17.25,0.1,2
2022-09-19,CUST-014,Electronics,East,332.16,143.69,0.0,1
2022-09-20,CUST-025,Electronics,East,262.61,78.22,0.2,4
2022-09-22,CUST-007,Office Supplies,West,54.04,18.32,0.1,1
2022-09-23,CUST-041,Office Supplies,West,32.72,12.72,0.0,5
2022-09-24,CUST-043,Office Supplies,West,29.91,9.81,0.15,1
2022-09-25,CUST-013,Office Supplies,North,28.86,8.21,0.1,1
2022-09-26,CUST-077,Furniture,West,439.49,197.48,0.0,3
2022-09-28,CUST-001,Electronics,West,127.25,-100.79,0.65,4
2022-09-29,CUST-036,Furniture,West,190.5,-42.87,0.5,1
2022-09-30,CUST-068,Electronics,East,157.02,54.55,0.1,3
2022-10-01,CUST-037,Electronics,South,279.32,124.29,0.0,2
2022-10-03,CUST-040,Apparel,West,75.56,17.69,0.2,3
2022-10-04,CUST-061,Furniture,West,455.96,157.78,0.1,3
2022-10-05,CUST-059,Apparel,North,94.49,30.47,0.05,3
2022-10-06,CUST-013,Office Supplies,East,37.81,12.43,0.1,1
2022-10-07,CUST-001,Office Supplies,West,33.73,9.59,0.1,1
2022-10-09,CUST-069,Furniture,East,478.52,156.48,0.15,2
2022-10-10,CUST-016,Furniture,West,425.06,131.02,0.1,5
2022-10-11,CUST-027,Furniture,West,281.23,78.84,0.15,5
2022-10-12,CUST-065,Electronics,East,163.99,-40.65,0.5,5
2022-10-14,CUST-034,Office Supplies,East,67.47,26.88,0.05,2
2022-10-15,CUST-004,Electronics,South,235.48,54.01,0.2,5
2022-10-16,CUST-064,Electronics,West,219.52,31.42,0.3,5
2022-10-17,CUST-039,Office Supplies,East,42.54,13.03,0.1,3
2022-10-18,CUST-075,Electronics,East,246.79,87.01,0.1,1
2022-10-20,CUST-055,Apparel,West,62.68,15.56,0.15,1
2022-10-21,CUST-035,Apparel,East,82.5,28.3,0.15,3
2022-10-22,CUST-044,Apparel,West,67.53,6.68,0.3,3
2022-10-23,CUST-022,Furniture,South,489.36,91.06,0.1,3
2022-10-24,CUST-046,Electronics,West,47.22,-38.01,0.65,1
2022-10-26,CUST-030,Apparel,East,89.97,35.87,0.0,5
2022-10-27,CUST-010,Furniture,West,513.54,208.58,0.0,3
2022-10-28,CUST-009,Apparel,South,72.12,17.0,0.15,2
2022-10-29,CUST-066,Apparel,East,85.93,34.11,0.05,3
2022-10-31,CUST-013,Apparel,East,96.62,38.2,0.0,4
2022-11-01,CUST-079,Electronics,West,243.36,85.29,0.05,3
2022-11-02,CUST-073,Furniture,North,388.39,134.88,0.05,1
2022-11-03,CUST-009,Apparel,West,44.98,19.32,0.0,3
2022-11-04,CUST-075,Electronics,North,81.81,-62.03,0.65,4
2022-11-06,CUST-000,Electronics,West,301.85,111.13,0.0,2
2022-11-07,CUST-004,Furniture,West,417.92,127.99,0.2,5
2022-11-08,CUST-019,Apparel,West,41.31,8.2,0.2,3
2022-11-09,CUST-007,Office Supplies,East,17.22,-1.82,0.5,4
2022-11-10,CUST-042,Furniture,East,474.52,196.64,0.0,4
2022-11-12,CUST-075,Electronics,West,92.75,19.66,0.3,2
2022-11-13,CUST-000,Office Supplies,North,32.97,12.54,0.1,1
2022-11-14,CUST-056,Apparel,East,32.38,7.96,0.15,3
2022-11-15,CUST-063,Electronics,East,149.65,46.57,0.15,4
2022-11-17,CUST-027,Furniture,East,194.58,29.89,0.3,2
2022-11-18,CUST-036,Apparel,East,60.72,24.19,0.05,5
2022-11-19,CUST-046,Office Supplies,East,38.98,9.27,0.2,4
2022-11-20,CUST-075,Office Supplies,West,66.79,21.56,0.1,2
2022-11-21,CUST-036,Office Supplies,West,43.64,11.61,0.2,1
2022-11-23,CUST-048,Furniture,North,174.7,-116.45,0.65,1
2022-11-24,CUST-043,Electronics,South,159.49,57.66,0.0,4
2022-11-25,CUST-055,Office Supplies,West,13.71,-9.34,0.65,4
2022-11-26,CUST-027,Office Supplies,West,64.96,26.03,0.0,3
2022-11-28,CUST-078,Apparel,East,39.8,16.78,0.0,2
2022-11-29,CUST-005,Apparel,East,71.04,26.38,0.0,4
2022-11-30,CUST-060,Furniture,West,426.12,161.59,0.05,3
2022-12-01,CUST-019,Furniture,West,382.22,111.81,0.15,3
2022-12-02,CUST-077,Office Supplies,North,28.24,11.99,0.0,4
2022-12-04,CUST-001,Office Supplies,East,44.39,15.59,0.0,1
2022-12-05,CUST-072,Office Supplies,West,30.69,-4.86,0.5,2
2022-12-06,CUST-036,Office Supplies,West,24.53,2.56,0.3,2
2022-12-07,CUST-019,Apparel,West,60.25,9.23,0.3,1
2022-12-08,CUST-025,Electronics,East,230.25,42.56,0.3,4
2022-12-10,CUST-028,Furniture,West,483.71,102.81,0.2,2
2022-12-11,CUST-000,Electronics,West,187.4,78.08,0.0,4
2022-12-12,CUST-034,Furniture,North,513.62,169.48,0.05,4
2022-12-13,CUST-069,Electronics,West,215.49,42.69,0.2,3
2022-12-15,CUST-058,Furniture,East,338.55,111.91,0.05,1
2022-12-16,CUST-068,Furniture,West,215.84,75.29,0.15,4
2022-12-17,CUST-032,Electronics,West,326.17,121.1,0.0,5
2022-12-18,CUST-050,Furniture,West,285.22,107.74,0.05,1
2022-12-19,CUST-077,Electronics,North,207.05,60.42,0.1,2
2022-12-21,CUST-011,Electronics,North,126.23,35.08,0.15,3
2022-12-22,CUST-019,Office Supplies,North,59.73,15.22,0.15,2
2022-12-23,CUST-052,Furniture,West,439.25,129.22,0.15,2
2022-12-24,CUST-042,Electronics,East,325.67,129.13,0.0,1
2022-12-26,CUST-049,Furniture,West,326.17,142.07,0.0,2
2022-12-27,CUST-028,Office Supplies,West,25.46,2.6,0.3,4
2022-12-28,CUST-056,Electronics,North,255.27,77.5,0.15,2
2022-12-29,CUST-038,Office Supplies,West,53.79,21.52,0.0,3
2022-12-30,CUST-055,Electronics,West,125.34,12.8,0.3,3
2023-01-01,CUST-042,Electronics,West,313.08,122.14,0.0,5
2023-01-02,CUST-049,Furniture,West,547.54,200.7,0.1,3
2023-01-03,CUST-022,Furniture,West,508.87,198.95,0.0,2
2023-01-04,CUST-043,Office Supplies,East,53.57,14.01,0.2,3
2023-01-05,CUST-037,Office Supplies,East,66.57,19.82,0.15,1
2023-01-07,CUST-022,Apparel,North,50.61,22.63,0.0,3
2023-01-08,CUST-044,Furniture,North,304.32,56.08,0.3,4
2023-01-09,CUST-051,Electronics,West,351.56,125.74,0.1,1
2023-01-10,CUST-079,Office Supplies,West,34.13,11.81,0.05,5
2023-01-12,CUST-049,Electronics,West,316.87,142.23,0.0,4
2023-01-13,CUST-007,Furniture,East,420.86,159.09,0.05,2
2023-01-14,CUST-000,Electronics,West,286.83,102.57,0.0,2
2023-01-15,CUST-007,Electronics,East,268.76,91.32,0.15,2
2023-01-16,CUST-028,Apparel,East,72.05,10.12,0.3,4
2023-01-18,CUST-004,Office Supplies,East,62.33,18.79,0.1,4
2023-01-19,CUST-046,Office Supplies,East,30.03,10.68,0.0,4
2023-01-20,CUST-033,Furniture,West,551.91,207.15,0.0,1
2023-01-21,CUST-064,Electronics,South,191.54,72.39,0.0,1
2023-01-23,CUST-054,Electronics,North,208.35,61.89,0.1,2
2023-01-24,CUST-042,Electronics,West,203.12,52.15,0.2,3
2023-01-25,CUST-073,Furniture,North,400.21,147.84,0.0,2
2023-01-26,CUST-029,Office Supplies,East,40.4,12.58,0.2,5
2023-01-27,CUST-016,Office Supplies,North,54.33,4.47,0.3,1
2023-01-29,CUST-025,Electronics,North,286.55,97.32,0.1,4
2023-01-30,CUST-007,Apparel,East,57.01,7.71,0.3,1
2023-01-31,CUST-046,Office Supplies,West,25.24,8.15,0.15,4
2023-02-01,CUST-075,Furniture,West,486.88,129.31,0.15,5
2023-02-02,CUST-071,Office Supplies,East,68.5,26.05,0.1,5
2023-02-04,CUST-045,Furniture,East,470.09,137.23,0.1,1
2023-02-05,CUST-067,Electronics,West,133.86,49.15,0.0,4
2023-02-06,CUST-032,Furniture,West,216.0,86.04,0.05,5
2023-02-07,CUST-000,Office Supplies,North,37.2,12.5,0.05,2
2023-02-09,CUST-018,Electronics,South,141.67,36.9,0.15,2
2023-02-10,CUST-030,Electronics,East,237.29,91.78,0.0,4
2023-02-11,CUST-079,Electronics,West,187.79,-32.81,0.5,1
2023-02-12,CUST-013,Electronics,West,205.3,57.19,0.2,5
2023-02-13,CUST-052,Apparel,West,33.27,12.08,0.1,1
2023-02-15,CUST-047,Office Supplies,South,42.27,17.67,0.0,2
2023-02-16,CUST-068,Furniture,West,155.54,13.25,0.3,5
2023-02-17,CUST-061,Electronics,East,99.11,20.14,0.3,1
2023-02-18,CUST-065,Furniture,West,253.19,52.89,0.2,3
2023-02-20,CUST-063,Furniture,East,300.63,115.54,0.05,4
2023-02-21,CUST-069,Electronics,East,305.82,101.21,0.1,4
2023-02-22,CUST-062,Furniture,North,601.73,222.97,0.0,3
2023-02-23,CUST-072,Furniture,West,355.45,128.52,0.0,2
2023-02-24,CUST-032,Office Supplies,West,40.13,10.81,0.2,5
2023-02-26,CUST-040,Office Supplies,West,58.09,14.8,0.2,4
2023-02-27,CUST-047,Electronics,South,172.37,52.43,0.15,3
2023-02-28,CUST-012,Furniture,North,187.46,39.82,0.3,3
2023-03-01,CUST-072,Office Supplies,East,62.11,19.76,0.15,2
2023-03-02,CUST-076,Furniture,East,200.68,67.8,0.1,2
2023-03-04,CUST-030,Apparel,East,76.59,28.93,0.05,1
2023-03-05,CUST-074,Office Supplies,West,28.67,-7.01,0.5,4
2023-03-06,CUST-067,Electronics,South,223.32,91.9,0.0,1
2023-03-07,CUST-003,Electronics,East,107.61,-21.29,0.5,3
2023-03-09,CUST-018,Office Supplies,West,48.08,7.35,0.3,5
2023-03-10,CUST-069,Electronics,East,154.82,58.2,0.0,5
2023-03-11,CUST-012,Furniture,West,255.52,64.24,0.15,2
2023-03-12,CUST-022,Apparel,West,62.12,8.59,0.3,5
2023-03-13,CUST-074,Furniture,North,363.56,94.55,0.15,5
2023-03-15,CUST-000,Furniture,West,128.11,-20.42,0.5,5
2023-03-16,CUST-053,Office Supplies,East,37.32,-7.77,0.5,3
2023-03-17,CUST-070,Furniture,West,328.07,115.0,0.1,5
2023-03-18,CUST-014,Furniture,West,514.68,194.27,0.05,5
2023-03-19,CUST-064,Apparel,West,46.36,-11.43,0.5,5
2023-03-21,CUST-075,Furniture,West,389.95,97.18,0.15,1
2023-03-22,CUST-070,Apparel,North,71.6,31.35,0.0,3
2023-03-23,CUST-014,Apparel,West,106.53,41.18,0.0,2
2023-03-24,CUST-020,Electronics,East,144.73,41.17,0.15,1
2023-03-26,CUST-018,Electronics,East,161.72,-20.0,0.5,4
2023-03-27,CUST-059,Electronics,East,127.73,23.5,0.3,3
2023-03-28,CUST-032,Electronics,South,188.11,59.51,0.15,3
2023-03-29,CUST-048,Electronics,North,213.5,92.51,0.0,4
2023-03-30,CUST-034,Office Supplies,West,74.23,29.35,0.05,4
2023-04-01,CUST-043,Electronics,West,271.17,47.74,0.3,4
2023-04-02,CUST-010,Electronics,West,180.32,75.09,0.0,2
2023-04-03,CUST-071,Office Supplies,East,26.78,9.16,0.05,5
2023-04-04,CUST-077,Electronics,West,322.08,126.52,0.0,3
2023-04-06,CUST-073,Office Supplies,East,42.14,9.98,0.15,5
2023-04-07,CUST-065,Electronics,East,77.73,-14.22,0.5,5
2023-04-08,CUST-045,Electronics,West,296.89,101.45,0.05,4
2023-04-09,CUST-008,Office Supplies,North,50.79,14.83,0.1,2
2023-04-10,CUST-002,Office Supplies,West,67.96,18.56,0.15,1
2023-04-12,CUST-025,Apparel,West,18.33,-12.63,0.65,2
2023-04-13,CUST-071,Office Supplies,North,48.81,18.29,0.0,5
2023-04-14,CUST-047,Office Supplies,East,50.67,18.56,0.1,2
2023-04-15,CUST-065,Electronics,East,323.96,125.23,0.05,4
2023-04-16,CUST-069,Electronics,East,193.83,26.4,0.3,1
2023-04-18,CUST-027,Office Supplies,West,54.09,17.58,0.1,4
2023-04-19,CUST-025,Office Supplies,North,39.21,17.56,0.0,1
2023-04-20,CUST-024,Apparel,North,82.43,19.93,0.15,5
2023-04-21,CUST-011,Furniture,East,303.11,68.33,0.2,1
2023-04-23,CUST-004,Furniture,West,261.51,104.72,0.0,1
2023-04-24,CUST-047,Office Supplies,East,44.01,3.56,0.3,1
2023-04-25,CUST-036,Electronics,West,189.05,76.77,0.0,2
2023-04-26,CUST-078,Apparel,West,36.57,8.69,0.15,2
2023-04-27,CUST-043,Apparel,South,88.26,29.3,0.1,5
2023-04-29,CUST-014,Furniture,West,313.4,93.46,0.2,1
2023-04-30,CUST-042,Office Supplies,South,64.09,21.83,0.05,3
2023-05-01,CUST-047,Office Supplies,East,29.88,3.51,0.3,5
2023-05-02,CUST-069,Electronics,West,271.81,58.68,0.2,1
2023-05-04,CUST-045,Apparel,East,37.45,9.03,0.15,1
2023-05-05,CUST-042,Furniture,North,279.39,60.19,0.2,2
2023-05-06,CUST-020,Office Supplies,North,63.85,15.07,0.2,5
2023-05-07,CUST-022,Electronics,North,341.61,124.44,0.0,1
2023-05-08,CUST-079,Apparel,East,68.21,23.89,0.05,1
2023-05-10,CUST-046,Furniture,East,171.31,-31.11,0.5,5
2023-05-11,CUST-014,Electronics,North,362.24,130.93,0.0,3
2023-05-12,CUST-024,Apparel,West,60.18,17.14,0.2,5
2023-05-13,CUST-035,Electronics,East,116.28,-90.19,0.65,5
2023-05-14,CUST-074,Electronics,West,331.08,119.8,0.0,3
2023-05-16,CUST-050,Apparel,South,31.7,8.46,0.15,5
2023-05-17,CUST-014,Apparel,South,40.58,12.64,0.1,1
2023-05-18,CUST-067,Furniture,West,402.16,106.33,0.15,5
2023-05-19,CUST-020,Office Supplies,North,35.73,14.42,0.0,3
2023-05-21,CUST-012,Furniture,South,308.24,75.21,0.0,4
2023-05-22,CUST-018,Electronics,West,324.63,106.8,0.15,5
2023-05-23,CUST-033,Electronics,East,195.92,38.42,0.3,2
2023-05-24,CUST-077,Office Supplies,South,54.03,14.96,0.2,1
2023-05-25,CUST-067,Office Supplies,West,51.42,16.96,0.1,1
2023-05-27,CUST-051,Office Supplies,East,56.84,22.67,0.0,2
2023-05-28,CUST-026,Office Supplies,West,27.27,6.99,0.15,2
2023-05-29,CUST-028,Electronics,South,222.73,91.22,0.0,5
2023-05-30,CUST-027,Furniture,South,159.62,-59.59,0.5,2
2023-06-01,CUST-034,Electronics,South,164.61,34.96,0.3,4
2023-06-02,CUST-007,Furniture,East,423.78,110.73,0.2,3
2023-06-03,CUST-015,Furniture,North,177.87,-40.83,0.5,2
2023-06-04,CUST-035,Apparel,North,68.52,30.73,0.0,2
2023-06-05,CUST-029,Furniture,West,292.91,81.25,0.2,4
2023-06-07,CUST-017,Electronics,North,148.83,59.41,0.05,1
2023-06-08,CUST-001,Electronics,West,124.22,-13.47,0.5,1
2023-06-09,CUST-048,Office Supplies,East,35.68,13.22,0.05,5
2023-06-10,CUST-076,Office Supplies,West,29.67,8.6,0.2,4
2023-06-11,CUST-003,Electronics,West,109.78,11.87,0.3,3
2023-06-13,CUST-074,Electronics,West,226.16,82.6,0.0,3
2023-06-14,CUST-006,Office Supplies,East,64.51,23.46,0.05,4
2023-06-15,CUST-073,Electronics,West,163.98,31.12,0.2,3
2023-06-16,CUST-038,Office Supplies,North,39.48,13.38,0.1,1
2023-06-18,CUST-012,Office Supplies,West,58.62,21.51,0.05,3
2023-06-19,CUST-030,Electronics,West,183.7,64.49,0.0,3
2023-06-20,CUST-070,Electronics,East,368.8,157.42,0.0,4
2023-06-21,CUST-062,Apparel,North,51.42,4.09,0.3,4
2023-06-22,CUST-055,Furniture,West,328.63,114.33,0.15,3
2023-06-24,CUST-041,Furniture,East,431.59,174.95,0.0,2
2023-06-25,CUST-060,Office Supplies,North,34.17,14.13,0.05,4
2023-06-26,CUST-041,Apparel,East,76.16,26.22,0.05,5
2023-06-27,CUST-055,Apparel,West,62.14,24.18,0.0,5
2023-06-29,CUST-035,Office Supplies,West,67.9,21.08,0.1,1
2023-06-30,CUST-067,Furniture,North,259.25,98.94,0.05,3
2023-07-01,CUST-006,Electronics,West,252.57,96.52,0.05,2
2023-07-02,CUST-053,Office Supplies,North,47.44,14.56,0.2,1
2023-07-03,CUST-000,Furniture,East,217.62,90.31,0.0,3
2023-07-05,CUST-043,Furniture,South,299.53,51.28,0.15,4
2023-07-06,CUST-044,Apparel,North,75.44,23.26,0.15,5
2023-07-07,CUST-046,Electronics,South,296.29,75.59,0.15,2
2023-07-08,CUST-012,Furniture,West,282.0,71.59,0.15,5
2023-07-09,CUST-021,Electronics,North,308.55,107.19,0.1,4
2023-07-11,CUST-020,Furniture,East,419.19,51.98,0.3,3
2023-07-12,CUST-008,Electronics,East,304.48,104.05,0.15,4
2023-07-13,CUST-025,Electronics,East,146.75,55.38,0.1,4
2023-07-14,CUST-008,Electronics,North,229.1,47.5,0.3,5
2023-07-16,CUST-014,Office Supplies,South,37.62,10.71,0.15,2
2023-07-17,CUST-009,Office Supplies,North,76.36,28.73,0.05,4
2023-07-18,CUST-041,Furniture,East,402.03,158.88,0.0,5
2023-07-19,CUST-071,Apparel,East,44.82,17.83,0.0,2
2023-07-20,CUST-023,Furniture,North,349.91,57.48,0.3,3
2023-07-22,CUST-079,Electronics,West,173.82,39.6,0.2,3
2023-07-23,CUST-048,Apparel,West,53.89,-13.57,0.5,1
2023-07-24,CUST-025,Electronics,West,332.06,116.63,0.15,5
2023-07-25,CUST-036,Apparel,West,74.92,27.41,0.1,2
2023-07-27,CUST-067,Electronics,West,166.27,62.96,0.0,4
2023-07-28,CUST-049,Apparel,West,72.64,22.33,0.15,3
2023-07-29,CUST-023,Electronics,West,133.08,36.6,0.15,2
2023-07-30,CUST-018,Apparel,West,13.34,-8.95,0.65,5
2023-07-31,CUST-059,Furniture,South,539.77,178.61,0.0,1
2023-08-02,CUST-038,Apparel,East,45.99,17.07,0.1,3
2023-08-03,CUST-073,Electronics,West,197.25,63.63,0.15,2
2023-08-04,CUST-017,Furniture,East,511.0,143.96,0.15,2
2023-08-05,CUST-018,Apparel,West,51.21,15.47,0.15,2
2023-08-06,CUST-035,Furniture,South,259.97,17.96,0.2,5
2023-08-08,CUST-073,Office Supplies,North,76.58,27.93,0.0,5
2023-08-09,CUST-054,Office Supplies,West,26.38,6.46,0.2,5
2023-08-10,CUST-068,Furniture,East,436.82,115.2,0.15,4
2023-08-11,CUST-046,Office Supplies,North,56.25,9.59,0.3,2
2023-08-13,CUST-048,Furniture,South,400.21,4.08,0.3,3
2023-08-14,CUST-032,Apparel,East,78.77,27.26,0.05,5
2023-08-15,CUST-020,Electronics,East,204.17,77.66,0.05,5
2023-08-16,CUST-021,Electronics,West,69.7,-51.55,0.65,2
2023-08-17,CUST-047,Apparel,South,85.49,31.48,0.1,5
2023-08-19,CUST-036,Apparel,West,49.67,-10.93,0.5,4
2023-08-20,CUST-014,Furniture,South,418.38,129.8,0.0,4
2023-08-21,CUST-034,Office Supplies,East,34.17,8.57,0.15,5
2023-08-22,CUST-070,Electronics,East,113.27,12.55,0.3,2
2023-08-23,CUST-031,Electronics,East,77.51,-19.31,0.5,2
2023-08-25,CUST-010,Furniture,West,472.51,171.2,0.05,2
2023-08-26,CUST-009,Furniture,West,300.33,71.9,0.2,1
2023-08-27,CUST-072,Furniture,West,516.05,193.02,0.1,5
2023-08-28,CUST-077,Electronics,West,327.27,132.75,0.0,2
2023-08-30,CUST-076,Apparel,North,42.31,12.69,0.15,4
2023-08-31,CUST-056,Apparel,West,68.16,16.37,0.15,3
2023-09-01,CUST-024,Office Supplies,West,25.26,-4.7,0.5,3
2023-09-02,CUST-001,Furniture,South,395.57,82.27,0.1,2
2023-09-03,CUST-063,Electronics,North,326.85,129.65,0.0,3
2023-09-05,CUST-034,Office Supplies,South,70.53,27.25,0.0,3
2023-09-06,CUST-006,Office Supplies,South,65.31,19.97,0.1,1
2023-09-07,CUST-017,Electronics,West,189.1,75.14,0.05,4
2023-09-08,CUST-066,Apparel,West,30.59,7.54,0.2,4
2023-09-10,CUST-041,Office Supplies,North,63.58,21.24,0.05,1
2023-09-11,CUST-038,Apparel,East,21.83,-4.2,0.5,1
2023-09-12,CUST-040,Office Supplies,West,15.4,-10.03,0.65,3
2023-09-13,CUST-074,Office Supplies,North,23.13,6.38,0.15,5
2023-09-14,CUST-023,Furniture,West,241.06,-63.82,0.5,3
2023-09-16,CUST-059,Apparel,West,38.43,11.71,0.2,1
2023-09-17,CUST-045,Apparel,East,74.86,22.65,0.1,4
2023-09-18,CUST-018,Electronics,East,393.82,144.86,0.0,3
2023-09-19,CUST-067,Electronics,East,136.07,45.94,0.1,5
2023-09-20,CUST-041,Furniture,West,200.13,47.48,0.15,3
2023-09-22,CUST-031,Office Supplies,North,31.77,3.24,0.3,2
2023-09-23,CUST-038,Apparel,West,88.54,26.82,0.1,3
2023-09-24,CUST-035,Electronics,West,132.23,14.21,0.3,1
2023-09-25,CUST-035,Furniture,North,298.38,100.02,0.15,4
2023-09-27,CUST-002,Furniture,South,231.95,78.34,0.0,4
2023-09-28,CUST-072,Apparel,North,31.83,-22.41,0.65,1
2023-09-29,CUST-007,Office Supplies,North,44.14,15.87,0.1,2
2023-09-30,CUST-069,Office Supplies,East,64.6,24.38,0.05,1
2023-10-01,CUST-040,Furniture,East,486.77,120.92,0.15,3
2023-10-03,CUST-067,Furniture,West,298.97,109.89,0.0,1
2023-10-04,CUST-012,Electronics,East,293.38,81.8,0.15,1
2023-10-05,CUST-048,Electronics,West,132.84,38.99,0.1,2
2023-10-06,CUST-059,Apparel,West,90.65,27.36,0.1,3
2023-10-08,CUST-001,Office Supplies,North,31.07,-5.77,0.5,5
2023-10-09,CUST-059,Apparel,East,89.05,32.64,0.1,5
2023-10-10,CUST-004,Apparel,West,36.01,14.35,0.0,4
2023-10-11,CUST-043,Furniture,West,245.69,75.45,0.1,1
2023-10-12,CUST-026,Office Supplies,East,24.02,-4.5,0.5,4
2023-10-14,CUST-031,Apparel,West,63.32,24.27,0.0,2
2023-10-15,CUST-020,Office Supplies,North,39.24,17.29,0.0,5
2023-10-16,CUST-007,Electronics,East,232.75,87.33,0.0,1
2023-10-17,CUST-071,Furniture,East,256.57,94.6,0.0,2
2023-10-18,CUST-049,Electronics,East,168.68,19.11,0.3,2
2023-10-20,CUST-066,Apparel,North,75.02,14.37,0.2,1
2023-10-21,CUST-043,Office Supplies,West,50.23,16.78,0.05,2
2023-10-22,CUST-057,Electronics,East,116.24,28.68,0.15,1
2023-10-23,CUST-002,Office Supplies,East,47.27,15.26,0.05,1
2023-10-25,CUST-069,Office Supplies,West,14.23,-3.7,0.5,3
2023-10-26,CUST-001,Furniture,North,209.38,-159.98,0.65,4
2023-10-27,CUST-043,Electronics,North,157.37,66.16,0.05,2
2023-10-28,CUST-001,Office Supplies,East,45.65,6.74,0.3,2
2023-10-29,CUST-034,Furniture,North,480.71,115.9,0.2,3
2023-10-31,CUST-029,Office Supplies,North,68.03,26.47,0.05,3
2023-11-01,CUST-007,Furniture,North,489.32,204.63,0.0,3
2023-11-02,CUST-021,Apparel,North,86.8,24.48,0.1,5
2023-11-03,CUST-043,Furniture,East,483.66,97.23,0.2,5
2023-11-05,CUST-057,Furniture,East,160.13,-130.35,0.65,5
2023-11-06,CUST-035,Apparel,East,61.01,15.97,0.2,1
2023-11-07,CUST-068,Furniture,North,322.22,68.42,0.3,2
2023-11-08,CUST-076,Electronics,West,231.73,79.6,0.15,4
2023-11-09,CUST-030,Electronics,North,209.76,35.59,0.3,1
2023-11-11,CUST-046,Office Supplies,North,41.03,12.74,0.2,2
2023-11-12,CUST-054,Office Supplies,West,36.86,15.45,0.05,2
2023-11-13,CUST-079,Office Supplies,North,28.47,6.98,0.15,3
2023-11-14,CUST-061,Electronics,West,105.03,11.91,0.3,3
2023-11-15,CUST-029,Electronics,West,201.52,84.46,0.0,1
2023-11-17,CUST-054,Electronics,North,100.92,19.71,0.3,3
2023-11-18,CUST-015,Furniture,West,435.41,173.66,0.0,2
2023-11-19,CUST-011,Furniture,North,287.82,111.76,0.1,3
2023-11-20,CUST-016,Furniture,North,378.29,30.35,0.3,5
2023-11-22,CUST-015,Furniture,East,222.58,84.0,0.05,3
2023-11-23,CUST-011,Apparel,West,52.3,21.43,0.0,2
2023-11-24,CUST-007,Electronics,West,292.31,100.99,0.1,1
2023-11-25,CUST-002,Furniture,East,313.82,64.14,0.3,4
2023-11-26,CUST-015,Office Supplies,South,30.48,11.77,0.0,3
2023-11-28,CUST-029,Furniture,East,280.96,-69.28,0.5,2
2023-11-29,CUST-022,Office Supplies,West,74.37,28.44,0.0,4
2023-11-30,CUST-004,Apparel,East,20.93,-12.79,0.65,4
2023-12-01,CUST-064,Apparel,East,30.25,-6.53,0.5,5
2023-12-03,CUST-029,Electronics,North,353.79,115.2,0.1,4
2023-12-04,CUST-020,Apparel,West,72.98,21.34,0.1,2
2023-12-05,CUST-069,Furniture,North,378.7,131.32,0.1,2
2023-12-06,CUST-021,Electronics,East,300.28,92.86,0.15,3
2023-12-07,CUST-071,Furniture,South,320.4,97.5,0.0,3
2023-12-09,CUST-031,Apparel,West,66.9,25.87,0.0,3
2023-12-10,CUST-032,Furniture,East,313.25,126.26,0.0,4
2023-12-11,CUST-015,Electronics,South,306.3,104.04,0.1,4
2023-12-12,CUST-075,Office Supplies,West,55.06,20.32,0.05,5
2023-12-13,CUST-037,Electronics,South,260.04,65.44,0.15,3
2023-12-15,CUST-013,Electronics,East,69.51,-48.88,0.65,1
2023-12-16,CUST-035,Electronics,West,180.63,58.18,0.05,5
2023-12-17,CUST-022,Electronics,West,221.79,65.13,0.15,1
2023-12-18,CUST-065,Electronics,North,294.05,83.34,0.1,4
2023-12-20,CUST-001,Electronics,West,189.46,18.06,0.3,5
2023-12-21,CUST-072,Office Supplies,East,14.38,-2.48,0.5,5
2023-12-22,CUST-064,Electronics,West,252.91,22.99,0.3,2
2023-12-23,CUST-074,Electronics,East,52.18,-31.46,0.65,4
2023-12-24,CUST-066,Apparel,West,104.82,37.47,0.0,4
2023-12-26,CUST-051,Furniture,North,149.98,18.61,0.3,5
2023-12-27,CUST-061,Office Supplies,South,51.6,15.77,0.2,4
2023-12-28,CUST-022,Electronics,South,153.7,59.26,0.0,5
2023-12-29,CUST-025,Electronics,North,186.21,-54.9,0.5,2
2023-12-31,CUST-067,Electronics,West,254.61,112.8,0.0,5
